{"0.5909548701135028":{"user_id":1},"0.380525739142505":{"user_id":1},"0.6379173753621834":{"user_id":1},"0.00877212402957972":{"user_id":1},"0.7181861314870996":{"user_id":1},"0.023739660141470775":{"user_id":1},"0.32712637002637446":{"user_id":2},"0.39135563198534085":{"user_id":2},"0.8991092328886721":{"user_id":2},"0.38128719180533643":{"user_id":2},"0.8458151705773731":{"user_id":2},"0.37083513594865036":{"user_id":2},"0.36993996574325383":{"user_id":2},"0.8674062910207441":{"user_id":2},"0.5054743652268954":{"user_id":2}}